INSERT INTO "PUBLIC"."BD_FACILITY" ( "ID", "ADDRESS", "CREATED_BY", "CREATED_DATE", "MODIFIED_BY", "MODIFIED_DATE", "NAME", "VERSION" ) VALUES (1 , 'Hadapsar', 'SYSTEM', CURRENT_TIMESTAMP, 'SYSTEM', CURRENT_TIMESTAMP, 'Pune', 0);
INSERT INTO "PUBLIC"."BD_FACILITY" ( "ID", "ADDRESS", "CREATED_BY", "CREATED_DATE", "MODIFIED_BY", "MODIFIED_DATE", "NAME", "VERSION" ) VALUES (2 , 'Andheri', 'SYSTEM', CURRENT_TIMESTAMP, 'SYSTEM', CURRENT_TIMESTAMP, 'Mumbai', 0);
INSERT INTO "PUBLIC"."BD_ROLE" ( "ID", "DESCRIPTION", "NAME", "VERSION" ) VALUES (1 , 'User', 'ROLE_USER', 0);
INSERT INTO "PUBLIC"."BD_ROLE" ( "ID", "DESCRIPTION", "NAME", "VERSION" ) VALUES (2 , 'Operator', 'ROLE_OPERATOR', 0);
INSERT INTO "PUBLIC"."BD_ROLE" ( "ID", "DESCRIPTION", "NAME", "VERSION" ) VALUES (3 , 'Administrator', 'ROLE_ADMIN', 0);
INSERT INTO "PUBLIC"."BD_ROLE" ( "ID", "DESCRIPTION", "NAME", "VERSION" ) VALUES (4 , 'Supervisor', 'ROLE_SUPERVISOR', 0);
INSERT INTO "PUBLIC"."BD_CLIENT" ( "ID", "ADDRESS", "CREATED_BY", "CREATED_DATE", "DEPARTMENT", "MODIFIED_BY", "MODIFIED_DATE", "NAME", "VERSION" ) VALUES ( 1, 'Pune', 'SYSTEM', CURRENT_TIMESTAMP, 'NA', 'SYSTEM', CURRENT_TIMESTAMP, 'Big Dash', 0);
INSERT INTO "PUBLIC"."BD_CLIENT" ( "ID", "ADDRESS", "CREATED_BY", "CREATED_DATE", "DEPARTMENT", "MODIFIED_BY", "MODIFIED_DATE", "NAME", "VERSION" ) VALUES ( 2, 'Pune', 'SYSTEM', CURRENT_TIMESTAMP, 'HR', 'SYSTEM', CURRENT_TIMESTAMP, 'Flower Motors', 0);
INSERT INTO "PUBLIC"."BD_CLIENT" ( "ID", "ADDRESS", "CREATED_BY", "CREATED_DATE", "DEPARTMENT", "MODIFIED_BY", "MODIFIED_DATE", "NAME", "VERSION" ) VALUES ( 3, 'Pune', 'SYSTEM', CURRENT_TIMESTAMP, 'Finance', 'SYSTEM', CURRENT_TIMESTAMP, 'Globe Bank', 0);
INSERT INTO "PUBLIC"."BD_USER" ( "ID", "CREATED_BY", "CREATED_DATE", "EMAIL", "EMPLOYEE_NUMBER", "LOCKED", "MODIFIED_BY", "MODIFIED_DATE", "NAME", "PASSWORD", "PHONE", "USERNAME", "VERSION", "CLIENT_ID" ) VALUES ( 1, 'SYSTEM', CURRENT_TIMESTAMP, 'user1@test.com', '123', 0, 'SYSTEM', CURRENT_TIMESTAMP, 'User One', '$2a$04$mplyqakpH7eWM/1glPYga.Gm65tTYc.whDzVLAY3TKz0YOeEu7BHO', '9876543210', 'user1', 0, 2);
INSERT INTO "PUBLIC"."BD_USER" ( "ID", "CREATED_BY", "CREATED_DATE", "EMAIL", "EMPLOYEE_NUMBER", "LOCKED", "MODIFIED_BY", "MODIFIED_DATE", "NAME", "PASSWORD", "PHONE", "USERNAME", "VERSION", "CLIENT_ID" ) VALUES ( 2, 'SYSTEM', CURRENT_TIMESTAMP, 'user2@test.com', '345', 0, 'SYSTEM', CURRENT_TIMESTAMP, 'User Two', '$2a$04$cnUST0a7drFgilqBdZayceNCl88ijRGyv8jWZrdDD3NqOJUwL19WK', '9876543210', 'user2', 0, 3);
INSERT INTO "PUBLIC"."BD_USER" ( "ID", "CREATED_BY", "CREATED_DATE", "EMAIL", "EMPLOYEE_NUMBER", "LOCKED", "MODIFIED_BY", "MODIFIED_DATE", "NAME", "PASSWORD", "PHONE", "USERNAME", "VERSION", "CLIENT_ID" ) VALUES ( 5, 'SYSTEM', CURRENT_TIMESTAMP, 'user3@test.com', '123', 0, 'SYSTEM', CURRENT_TIMESTAMP, 'User Three', '$2a$04$mplyqakpH7eWM/1glPYga.Gm65tTYc.whDzVLAY3TKz0YOeEu7BHO', '9876543210', 'user3', 0, 2);
INSERT INTO "PUBLIC"."BD_USER" ( "ID", "CREATED_BY", "CREATED_DATE", "EMAIL", "EMPLOYEE_NUMBER", "LOCKED", "MODIFIED_BY", "MODIFIED_DATE", "NAME", "PASSWORD", "PHONE", "USERNAME", "VERSION", "CLIENT_ID" ) VALUES ( 3, 'SYSTEM', CURRENT_TIMESTAMP, 'operator@test.com', '345', 0, 'SYSTEM', CURRENT_TIMESTAMP, 'Hello Operator', '$2a$04$NRDSxbHBfY2w7gGopZ/L0eCtrt2HdFNv2xQAUcxKYe9m8JjnQccUa', '9876543210', 'operator', 0, 1);
INSERT INTO "PUBLIC"."BD_USER" ( "ID", "CREATED_BY", "CREATED_DATE", "EMAIL", "EMPLOYEE_NUMBER", "LOCKED", "MODIFIED_BY", "MODIFIED_DATE", "NAME", "PASSWORD", "PHONE", "USERNAME", "VERSION", "CLIENT_ID" ) VALUES ( 4, 'SYSTEM', CURRENT_TIMESTAMP, 'admin@test.com', '345', 0, 'SYSTEM', CURRENT_TIMESTAMP, 'Hello Administrator', '$2a$04$0qA7xL5CQK1TFygLt0JrpOPNiWX9azHzNvX.GTCL1y4H6Ae/4DYT.', '9876543210', 'admin', 0, 1);
INSERT INTO "PUBLIC"."BD_USER_ROLE" ( "ROLE_ID", "USER_ID" ) VALUES (1 , 1);
INSERT INTO "PUBLIC"."BD_USER_ROLE" ( "ROLE_ID", "USER_ID" ) VALUES (1 , 2);
INSERT INTO "PUBLIC"."BD_USER_ROLE" ( "ROLE_ID", "USER_ID" ) VALUES (1 , 3);
INSERT INTO "PUBLIC"."BD_USER_ROLE" ( "ROLE_ID", "USER_ID" ) VALUES (2 , 3);
INSERT INTO "PUBLIC"."BD_USER_ROLE" ( "ROLE_ID", "USER_ID" ) VALUES (1 , 4);
INSERT INTO "PUBLIC"."BD_USER_ROLE" ( "ROLE_ID", "USER_ID" ) VALUES (2 , 4);
INSERT INTO "PUBLIC"."BD_USER_ROLE" ( "ROLE_ID", "USER_ID" ) VALUES (3 , 4);
INSERT INTO "PUBLIC"."BD_STORAGE_TYPE" ( "ID", "DESCRIPTION", "NAME", "VERSION" ) VALUES ( 1, 'Box Storage Type', 'BOX', 0);
INSERT INTO "PUBLIC"."BD_STORAGE_TYPE" ( "ID", "DESCRIPTION", "NAME", "VERSION" ) VALUES ( 2, 'File Storage Type', 'FILE', 0);
INSERT INTO "PUBLIC"."BD_STORAGE_TYPE" ( "ID", "DESCRIPTION", "NAME", "VERSION" ) VALUES ( 3, 'Document Storage Type', 'DOCUMENT', 0);
INSERT INTO "PUBLIC"."BD_CLIENT_STORAGE_TYPES" ( "STORAGE_TYPE_ID", "CLIENT_ID" ) VALUES (1 , 2);
INSERT INTO "PUBLIC"."BD_CLIENT_STORAGE_TYPES" ( "STORAGE_TYPE_ID", "CLIENT_ID" ) VALUES (2 , 2);
INSERT INTO "PUBLIC"."BD_CLIENT_STORAGE_TYPES" ( "STORAGE_TYPE_ID", "CLIENT_ID" ) VALUES (3 , 2);
INSERT INTO "PUBLIC"."BD_CLIENT_STORAGE_TYPES" ( "STORAGE_TYPE_ID", "CLIENT_ID" ) VALUES (1 , 3);
INSERT INTO "PUBLIC"."BD_CLIENT_STORAGE_TYPES" ( "STORAGE_TYPE_ID", "CLIENT_ID" ) VALUES (2 , 3);
INSERT INTO "PUBLIC"."BD_CLIENT_STORAGE_TYPES" ( "STORAGE_TYPE_ID", "CLIENT_ID" ) VALUES (3 , 3);
INSERT INTO "PUBLIC"."BD_CLIENT_STORAGE_TYPES" ( "STORAGE_TYPE_ID", "CLIENT_ID" ) VALUES (1 , 1);
INSERT INTO "PUBLIC"."BD_CLIENT_STORAGE_TYPES" ( "STORAGE_TYPE_ID", "CLIENT_ID" ) VALUES (2 , 1);
INSERT INTO "PUBLIC"."BD_CLIENT_STORAGE_TYPES" ( "STORAGE_TYPE_ID", "CLIENT_ID" ) VALUES (3 , 1);
INSERT INTO "PUBLIC"."BD_SHELF" ( "ID", "BARCODE", "STATUS", "VERSION", "FACILITY_ID" ) VALUES ( 1, 'shelf1', 'ACTIVE', 1, 1);